序号,链接,节点数
0,https://b9Qm0i.mcsslk.xyz/80c2fa3b1099439830abc5b3f58217b7,0
1,https://gist.githubusercontent.com/peasoft/40b87245630092f30cc98af61190b4e2/raw/,10
2,https://raw.githubusercontent.com/Alvin9999/pac2/master/clash.meta2/1/config.yaml,1
3,https://raw.githubusercontent.com/Alvin9999/pac2/master/clash.meta2/13/config.yaml,1
4,https://raw.githubusercontent.com/Alvin9999/pac2/master/clash.meta2/15/config.yaml,1
5,https://raw.githubusercontent.com/Alvin9999/pac2/master/clash.meta2/2/config.yaml,1
6,https://raw.githubusercontent.com/Alvin9999/pac2/master/clash.meta2/config.yaml,1
7,https://raw.githubusercontent.com/Huibq/TrojanLinks/master/links/vmess,0
8,https://raw.githubusercontent.com/Misaka-blog/chromego_merge/refs/heads/main/sub/merged_proxies_new.yaml,16
9,https://raw.githubusercontent.com/Surfboardv2ray/TGParse/main/python/hy2,1
10,https://raw.githubusercontent.com/Surfboardv2ray/TGParse/main/python/hysteria2,69
11,https://raw.githubusercontent.com/barry-far/V2ray-Config/refs/heads/main/All_Configs_base64_Sub.txt,0
12,https://raw.githubusercontent.com/ripaojiedian/freenode/main/clash,17
13,https://raw.githubusercontent.com/ripaojiedian/freenode/main/sub,17
14,https://raw.githubusercontent.com/roosterkid/openproxylist/refs/heads/main/V2RAY_BASE64.txt,150
15,https://raw.githubusercontent.com/zhangkaiitugithub/passcro/main/speednodes.yaml,28
16,https://uH0dlq.absslk.xyz/17b3d6aee90a067f26a8881a8cc2c14a,0

总计,,241
